indicador;item;valor
Faturamento total por loja (R$);Loja Salvador;471614.14
Faturamento total por loja (R$);Loja Brasília;382962.86
Faturamento total por loja (R$);Loja BH;379321.74
Faturamento total por loja (R$);Loja São Paulo;359327.04
Faturamento total por loja (R$);Loja Curitiba;349040.18
Ticket médio por loja (R$);Loja Brasília;5470.9
Ticket médio por loja (R$);Loja Salvador;5071.12
Ticket médio por loja (R$);Loja São Paulo;4922.29
Ticket médio por loja (R$);Loja Curitiba;4592.63
Ticket médio por loja (R$);Loja BH;4310.47
Top 5 produtos (quantidade);Teclado;364.37
Top 5 produtos (quantidade);Monitor;303.37
Top 5 produtos (quantidade);Mouse;285.46
Top 5 produtos (quantidade);Notebook;282.46
Top 5 produtos (quantidade);Cadeira;259.0
Faturamento total por região (R$);Sudeste;738648.77
Faturamento total por região (R$);Nordeste;471614.14
Faturamento total por região (R$);Centro-Oeste;382962.86
Faturamento total por região (R$);Sul;349040.18
Faturamento mensal (R$);01/2025;199270.02
Faturamento mensal (R$);02/2025;159947.97
Faturamento mensal (R$);03/2025;245053.56
Faturamento mensal (R$);04/2025;268867.61
Faturamento mensal (R$);05/2025;149475.59
Faturamento mensal (R$);06/2025;85244.88
Faturamento mensal (R$);07/2025;67977.53
Faturamento mensal (R$);08/2025;126552.35
Faturamento mensal (R$);09/2025;145909.7
Faturamento mensal (R$);10/2025;189363.82
Faturamento mensal (R$);11/2025;144590.44
Faturamento mensal (R$);12/2025;160012.49
